CREATE TABLE AREA(
AREA_CODE  	       VARCHAR(2),
AREA_ALERTLEVEL        INTEGER,
AREA_NAME                     VARCHAR(8),
PRIMARY KEY (AREA_CODE));

CREATE TABLE HOSPITAL(
HOSPI_CODE		VARCHAR(10) NOT NULL,
AREA_CODE			VARCHAR(2) NOT NULL,
HOSPI_WARD_COUNT	VARCHAR(6),
HOSPI_NAME		VARCHAR(25),
HOSPI_PHONE		VARCHAR(15),
PRIMARY KEY (HOSPI_CODE),
FOREIGN KEY (AREA_CODE) REFERENCES AREA ON UPDATE CASCADE ON DELETE CASCADE);

CREATE TABLE VACCINE(
VAC_CODE		VARCHAR(15) NOT NULL,
VAC_COUNTRY	VARCHAR(15) NOT NULL,
VAC_QUAN		DECIMAL(12,2),
VAC_INDATE		DATE,
PRIMARY KEY (VAC_CODE));

CREATE TABLE CITIZEN (
CIT_ID   		VARCHAR(15) NOT NULL,
CIT_NAME 		VARCHAR(30) NOT NULL,
CIT_BIRTHDATE	DATE,
CIT_PHONE		VARCHAR(20),
CIT_FAMI	            VARCHAR(10),
AREA_CODE  	VARCHAR(2),
PRIMARY KEY (CIT_ID),
FOREIGN KEY (AREA_CODE) REFERENCES AREA ON UPDATE CASCADE ON DELETE CASCADE);


CREATE TABLE MEDICAL_PERSONAL(
MEDI_CODE		VARCHAR(10) NOT NULL,
CIT_ID			VARCHAR(15) NOT NULL,
HOSPI_CODE	VARCHAR(10) NOT NULL,
MEDI_POSITION	VARCHAR(10),
PRIMARY KEY (MEDI_CODE),
FOREIGN KEY (CIT_ID) REFERENCES CITIZEN ON UPDATE NO ACTION ,
FOREIGN KEY (HOSPI_CODE) REFERENCES HOSPITAL ON UPDATE CASCADE );


CREATE TABLE VACCINATION(
CIT_ID			VARCHAR(15) NOT NULL,
VAC_CODE		VARCHAR(15) NOT NULL,
HOSPI_CODE	VARCHAR(10) NOT NULL,
VACTION_DATE	DATE,
PRIMARY KEY (CIT_ID),
FOREIGN KEY (CIT_ID) REFERENCES CITIZEN ON UPDATE NO ACTION ON DELETE NO ACTION,
FOREIGN KEY (VAC_CODE) REFERENCES VACCINE ON UPDATE NO ACTION ON DELETE NO ACTION,
FOREIGN KEY (HOSPI_CODE) REFERENCES HOSPITAL ON UPDATE CASCADE ON DELETE CASCADE);


CREATE TABLE CONFIRMED(
CON_CODE		VARCHAR(15),
CIT_ID			VARCHAR(15) NOT NULL,
AREA_CODE		VARCHAR(2),
CON_CONDATE	DATE,
CON_REMARK      	VARCHAR(20),
PRIMARY KEY (CON_CODE),
FOREIGN KEY (CIT_ID) REFERENCES CITIZEN ON UPDATE NO ACTION ON DELETE NO ACTION,
FOREIGN KEY (AREA_CODE) REFERENCES AREA ON UPDATE CASCADE ON DELETE CASCADE);



CREATE TABLE SCREENED_CITIZEN(
CIT_ID			VARCHAR(15) NOT NULL,
AREA_CODE		VARCHAR(2),
CON_CODE		VARCHAR(15),
SCR_TIME		DATE,
SCR_SCRNAME	VARCHAR(15) NOT NULL,
PRIMARY KEY (CIT_ID),
FOREIGN KEY (AREA_CODE) REFERENCES AREA ON UPDATE NO ACTION ON DELETE NO ACTION,
FOREIGN KEY (CON_CODE) REFERENCES CONFIRMED ON UPDATE CASCADE ON DELETE CASCADE);



CREATE TABLE FOOTPRINT(
FOO_CODE		VARCHAR(15) NOT NULL,
CON_CODE		VARCHAR(15) NOT NULL,
PRIMARY KEY (FOO_CODE),
FOREIGN KEY (CON_CODE) REFERENCES CONFIRMED ON UPDATE CASCADE ON DELETE CASCADE);


CREATE TABLE FOOTPRINT_LINE(
FOO_CODE		VARCHAR(15) NOT NULL,
AREA_CODE		VARCHAR(2),
LINE_LOCATION 	VARCHAR(50) NOT NULL,
LINE_TIME		DATETIME,
PRIMARY KEY (FOO_CODE,AREA_CODE),
FOREIGN KEY (FOO_CODE) REFERENCES FOOTPRINT ON UPDATE NO ACTION ON DELETE NO ACTION,
FOREIGN KEY (AREA_CODE) REFERENCES AREA ON UPDATE CASCADE ON DELETE CASCADE);


CREATE TABLE ANTI_HOTEL(
HOTEL_CODE		VARCHAR(15) NOT NULL,
AREA_CODE  		VARCHAR(2) NOT NULL,
HOTEL_NAME		VARCHAR(50) NOT NULL,
HOTEL_ADDRESS		VARCHAR(50) NOT NULL,
HOTEL_ROOMQUANTITY	DECIMAL(12,2),
PRIMARY KEY (HOTEL_CODE),
FOREIGN KEY (AREA_CODE) REFERENCES AREA ON UPDATE CASCADE ON DELETE CASCADE);


/*INSERT INTO AREA VALUES('地區編號','緊戒級數','名稱')*/

INSERT INTO AREA VALUES('01','2','基隆市');
INSERT INTO AREA VALUES('02','3','台北市');
INSERT INTO AREA VALUES('03','3','新北市');
INSERT INTO AREA VALUES('04','2','桃園市');
INSERT INTO AREA VALUES('05','2','台中市');
INSERT INTO AREA VALUES('06','2','台南市');
INSERT INTO AREA VALUES('07','2','高雄市');

/*INSERT INTO HOSPITAL VALUES('醫院編號','地區編號','病房數量','醫院名稱','電話');*/

INSERT INTO HOSPITAL VALUES('1111060015','01','861','基隆長庚紀念醫院本院','02-24313131');
INSERT INTO HOSPITAL VALUES('1301170017','02','949','臺北醫學大學附設醫院','02-27372181');
INSERT INTO HOSPITAL VALUES('0131020016','03','691','新北市立聯合醫院','02-29829111');
INSERT INTO HOSPITAL VALUES('0132010014','04','980','衛生福利部桃園醫院','03-369-9721');
INSERT INTO HOSPITAL VALUES('0617060018','05','847','臺中榮民總醫院','04-2359 25259');
INSERT INTO HOSPITAL VALUES('0221010019','06','694','臺南市立醫院','06-260 9926');
INSERT INTO HOSPITAL VALUES('0102080026','07','1137','高雄市立凱旋醫院','07-751 3171');

/*INSERT INTO VACCINE VALUES('疫苗編號','醫院編號','疫苗數量','國家製','進口日期')有效日期用加的*/

INSERT INTO VACCINE VALUES('BNT-TAI01','德國','87878','2021-6-15');
INSERT INTO VACCINE VALUES('BNT-TAI02','德國','63571','2021-6-30');
INSERT INTO VACCINE VALUES('AZ-TAI01','美國','7437','2021-6-14');
INSERT INTO VACCINE VALUES('AZ-TAI02','美國','6427','2021-6-29');
INSERT INTO VACCINE VALUES('MED-TAI01','台灣','36751',NULL);
INSERT INTO VACCINE VALUES('MED-TAI02','台灣','11566','2021-9-10');



/*INSERT INTO CITIZEN VALUES('身分證字號','姓名','生日','電話','家屬編號','地區編號')*/

INSERT INTO CITIZEN VALUES('E193681974','楊群丹','1936-07-11','0923418538','A08','01');
INSERT INTO CITIZEN VALUES('B292063079','林育菁','2018-07-21','0972848936','C02','02');
INSERT INTO CITIZEN VALUES('B198893800','陳馨慧','2000-08-13','0930735403','A09','03');
INSERT INTO CITIZEN VALUES('G296221965','黃財嘉','2009-08-18','0934972563','C11','04');
INSERT INTO CITIZEN VALUES('G195063243','黃啟明','1947-04-03','0918757776','B05','05');
INSERT INTO CITIZEN VALUES('A193371764','杜佳瑩','2017-11-07','0922820998','A03','06');
INSERT INTO CITIZEN VALUES('C291633738','鄭建良','1936-03-03','0933092346','C06','07');
INSERT INTO CITIZEN VALUES('B198171256','關白甫','1974-02-06','0953712967','B01','01');
INSERT INTO CITIZEN VALUES('C296299067','黃雯祥','1999-06-16','0912328865','C03','02');
INSERT INTO CITIZEN VALUES('G291176447','蔡嘉宸','1951-11-15','0963742917','A04','03');
INSERT INTO CITIZEN VALUES('F291384000','鄧華丹','2009-07-13','0933362923','A09','04');
INSERT INTO CITIZEN VALUES('B192565478','張鈺妤','1957-04-03','0987382569','C10','05');
INSERT INTO CITIZEN VALUES('A195661485','張凱修','1967-07-04','0960984816','B01','06');
INSERT INTO CITIZEN VALUES('E192199539','謝佩筠','1952-10-03','0938817013','A04','07');
INSERT INTO CITIZEN VALUES('B193462109','陳文婷','1980-06-07','0989936222','C03','01');
INSERT INTO CITIZEN VALUES('A298227807','林建霖','1953-04-17','0923935118','B04','02');
INSERT INTO CITIZEN VALUES('C293141653','陳淑惠','2014-04-12','0927370364','C04','03');
INSERT INTO CITIZEN VALUES('A294254595','邱晴云','1996-12-15','0970563117','B04','04');
INSERT INTO CITIZEN VALUES('H291983532','吳怡婷','1963-03-24','0986256417','A07','05');
INSERT INTO CITIZEN VALUES('A297009734','許雅惠','1944-11-16','0986481403','C06','06');
INSERT INTO CITIZEN VALUES('D295248987','李杰珊','2015-04-28','0920714499','C01','07');
INSERT INTO CITIZEN VALUES('B293503947','張江冰','1993-08-05','0934707771','B03','01');
INSERT INTO CITIZEN VALUES('H292108453','羅祥江','1951-07-02','0930878420','C09','02');
INSERT INTO CITIZEN VALUES('F297789036','王冠玲','1982-09-18','0915976166','C01','03');
INSERT INTO CITIZEN VALUES('C197616837','楊婉玲','1953-05-14','0923605016','C05','04');
INSERT INTO CITIZEN VALUES('A195196401','王凱倫','1986-11-20','0919093820','C03','05');
INSERT INTO CITIZEN VALUES('F197273568','涂民谷','1962-09-15','0934598807','C05','06');
INSERT INTO CITIZEN VALUES('A198758494','馮佩蓉','1939-12-11','0923384992','C08','07');
INSERT INTO CITIZEN VALUES('B199306137','吳明弘','1930-04-28','0929295955','C02','01');
INSERT INTO CITIZEN VALUES('B298392300','謝俊賢','1958-02-04','0931431894','C04','02');
INSERT INTO CITIZEN VALUES('F297036950','鄭嘉玲','1957-09-19','0968667540','C06','03');
INSERT INTO CITIZEN VALUES('F293539405','王婉婷','1936-07-06','0916892582','C10','04');
INSERT INTO CITIZEN VALUES('G297656962','吳孝任','1923-01-03','0920418626','C11','05');
INSERT INTO CITIZEN VALUES('F299133229','王詩亨','1954-04-30','0911498690','C01','06');
INSERT INTO CITIZEN VALUES('H296921130','洪星潔','2000-05-29','0968401737','C12','07');
INSERT INTO CITIZEN VALUES('B197899406','陳美玲','1959-03-17','0986510323','B01','01');
INSERT INTO CITIZEN VALUES('A299688591','應麗娟','2012-10-08','0963147184','B02','02');
INSERT INTO CITIZEN VALUES('C192095052','溫佳慧','1924-01-07','0925798061','B03','03');
INSERT INTO CITIZEN VALUES('D194494269','韓建中','1941-07-16','0970628457','B04','04');
INSERT INTO CITIZEN VALUES('A198068628','張家芸','2013-06-14','0954838857','B05','05');
INSERT INTO CITIZEN VALUES('C191994725','林玄樺','2001-03-18','0987609184','B06','06');
INSERT INTO CITIZEN VALUES('F191450178','楊莉財','1951-05-05','0956103476','B07','07');
INSERT INTO CITIZEN VALUES('C191275332','張蘭成','1928-02-25','0934400870','B08','01');
INSERT INTO CITIZEN VALUES('B194693573','李喬凌','1978-10-02','0970256774','B09','02');
INSERT INTO CITIZEN VALUES('B198101147','吳芝舜','1973-04-17','0916054610','B10','03');
INSERT INTO CITIZEN VALUES('A294066782','杜哲宇','1967-01-06','0927840736','B11','04');
INSERT INTO CITIZEN VALUES('G195830806','黃聿恩','1995-03-26','0955498771','B01','05');
INSERT INTO CITIZEN VALUES('H191704075','林明儒','1963-06-21','0970386838','B02','06');
INSERT INTO CITIZEN VALUES('G198393926','賴豪劭','1921-05-08','0988831325','B03','07');
INSERT INTO CITIZEN VALUES('F196746982','陳冰妍','1932-12-15','0937374803','B04','01');
INSERT INTO CITIZEN VALUES('G291129500','張瑋南','2009-10-30','0955604590','B05','02');
INSERT INTO CITIZEN VALUES('B299666514','王真儀','1994-08-09','0955825209','B06','03');
INSERT INTO CITIZEN VALUES('G299395506','李文洋','1943-04-17','0937283663','B07','04');
INSERT INTO CITIZEN VALUES('B295664256','王聿義','2013-03-09','0926976869','B08','05');
INSERT INTO CITIZEN VALUES('B197073948','王怡靜','1947-08-31','0954150201','B09','06');
INSERT INTO CITIZEN VALUES('A293633047','崔沛信','1988-07-27','0987162026','B10','07');
INSERT INTO CITIZEN VALUES('D196758873','黃怡堯','2003-02-13','0924245417','B11','01');
INSERT INTO CITIZEN VALUES('H291144777','郭于寶','1994-07-10','0930256529','B01','02');
INSERT INTO CITIZEN VALUES('D193695397','李雅茹','2016-11-26','0960854370','B02','03');
INSERT INTO CITIZEN VALUES('D198598875','李雅雯','1953-04-12','0982994057','B03','04');
INSERT INTO CITIZEN VALUES('C293966552','劉紫昌','2019-11-19','0988409757','B04','05');
INSERT INTO CITIZEN VALUES('B295373349','蘇雅惠','1980-03-25','0911476652','B05','06');
INSERT INTO CITIZEN VALUES('G295271845','翁人豪','2015-02-08','0988574080','B06','07');
INSERT INTO CITIZEN VALUES('A291664839','陳財谷','1985-02-02','0920607751','B07','01');
INSERT INTO CITIZEN VALUES('H194684052','林孟貴','1999-01-16','0968336305','B08','02');
INSERT INTO CITIZEN VALUES('B194085517','陳志茹','2009-08-27','0933512594','B09','03');
INSERT INTO CITIZEN VALUES('H198196928','王任希','1922-05-24','0924252908','B10','04');
INSERT INTO CITIZEN VALUES('E191148225','林佳琬','1984-12-18','0924051369','A03','05');
INSERT INTO CITIZEN VALUES('F197195470','呂卓龍','1941-08-22','0933589179','A02','06');
INSERT INTO CITIZEN VALUES('E297641209','林宜峰','1954-06-07','0934607126','A04','07');
INSERT INTO CITIZEN VALUES('E198704294','王書妃','1981-01-28','0919176283','A06','01');
INSERT INTO CITIZEN VALUES('A299077623','曹冠廷','1953-07-08','0953831452','A01','02');
INSERT INTO CITIZEN VALUES('D191139752','朱堯君','1962-02-18','0939508269','A08','04');
INSERT INTO CITIZEN VALUES('C292848779','吳文湖','1941-12-23','0913253727','A07','04');
INSERT INTO CITIZEN VALUES('F197245822','李建軍','1963-08-24','0917826510','A05','05');
INSERT INTO CITIZEN VALUES('F195031026','張宥茂','1959-04-15','0988119963','A09','06');
INSERT INTO CITIZEN VALUES('C191633343','傅志倩','2013-12-18','0910175916','A01','07');
INSERT INTO CITIZEN VALUES('B298756813','張凱義','2005-02-21','0982538096','A10','01');
INSERT INTO CITIZEN VALUES('H297032570','賴韻剛','2009-01-17','0922683712','A08','02');
INSERT INTO CITIZEN VALUES('A197969199','姚怡安','1941-09-24','0914189592','A03','03');
INSERT INTO CITIZEN VALUES('B195938339','林佩琪','1991-12-17','0928615963','A10','04');
INSERT INTO CITIZEN VALUES('B298361529','張秀芷','1963-03-22','0918839352','A07','05');
INSERT INTO CITIZEN VALUES('H294898487','陳婉君','1964-09-02','0961715812','A01','06');
INSERT INTO CITIZEN VALUES('D192735267','楊俊賢','2000-11-18','0955339847','A10','07');
INSERT INTO CITIZEN VALUES('C292315711','黃大鈞','1962-11-07','0926905373','A05','01');
INSERT INTO CITIZEN VALUES('B293173583','張馨舜','1967-08-07','0929726529','A10','02');
INSERT INTO CITIZEN VALUES('E197440059','鄧振伯','2012-03-24','0936180466','A05','03');
INSERT INTO CITIZEN VALUES('G292382029','李欣明','2003-04-01','0961159420','A02','04');
INSERT INTO CITIZEN VALUES('H198925867','張怡文','1970-01-14','0916759198','A11','05');
INSERT INTO CITIZEN VALUES('G199325468','吳如哲','1951-10-10','0953806860','A08','06');
INSERT INTO CITIZEN VALUES('G292553082','孫美枝','2004-04-25','0936530487','A11','07');
INSERT INTO CITIZEN VALUES('B293787943','蔡志成','1986-10-27','0958942975','A01','01');
INSERT INTO CITIZEN VALUES('G298399297','胡恆君','1984-05-18','0919617839','A11','02');
INSERT INTO CITIZEN VALUES('E198349015','陳宗霖','1997-11-14','0912342369','A05','03');
INSERT INTO CITIZEN VALUES('F193837262','楊益然','1978-05-15','0987776239','A03','04');
INSERT INTO CITIZEN VALUES('F292886441','傅子揚','2007-03-02','0919833455','A11','05');
INSERT INTO CITIZEN VALUES('H296074725','許原德','1966-01-23','0989361382','A08','06');
INSERT INTO CITIZEN VALUES('A196027389','陳少綸','1970-04-20','0933441101','A09','07');
INSERT INTO CITIZEN VALUES('E195686477','蔡珮君','1971-04-09','0921651356','A01','01');
INSERT INTO CITIZEN VALUES('G195055107','林文凱','1939-09-02','0919617839','A07','02');

/*INSERT INTO MEDICAL_PERSONAL VALUES('人員編號','身分證字號','醫院編號','職位','姓名','電話');*/

INSERT INTO MEDICAL_PERSONAL VALUES('s000248','E193681974','1111060015','主醫師');
INSERT INTO MEDICAL_PERSONAL VALUES('s081203','B198171256','1111060015','護理師');
INSERT INTO MEDICAL_PERSONAL VALUES('s147364','H292108453','1301170017','主醫師');
INSERT INTO MEDICAL_PERSONAL VALUES('s169626','H291144777','1301170017','護理長');
INSERT INTO MEDICAL_PERSONAL VALUES('s230139','B298392300','1301170017','護理師');
INSERT INTO MEDICAL_PERSONAL VALUES('s263131','A299688591','1301170017','護理師');
INSERT INTO MEDICAL_PERSONAL VALUES('s339415','F297789036','0131020016','主醫師');
INSERT INTO MEDICAL_PERSONAL VALUES('s385095','F297036950','0131020016','護理長');
INSERT INTO MEDICAL_PERSONAL VALUES('s447054','C192095052','0131020016','護理師');
INSERT INTO MEDICAL_PERSONAL VALUES('s473612','D193695397','0131020016','護理師');
INSERT INTO MEDICAL_PERSONAL VALUES('s548029','C197616837','0132010014','主醫師');
INSERT INTO MEDICAL_PERSONAL VALUES('s577192','F293539405','0132010014','護理長');
INSERT INTO MEDICAL_PERSONAL VALUES('s617077','D194494269','0132010014','護理師');
INSERT INTO MEDICAL_PERSONAL VALUES('s694994','D198598875','0132010014','護理師');
INSERT INTO MEDICAL_PERSONAL VALUES('s744000','A195196401','0617060018','主醫師');
INSERT INTO MEDICAL_PERSONAL VALUES('s777360','G297656962','0617060018','護理師');
INSERT INTO MEDICAL_PERSONAL VALUES('s802512','F197273568','0221010019','主醫師');
INSERT INTO MEDICAL_PERSONAL VALUES('s885692','F299133229','0221010019','護理師');
INSERT INTO MEDICAL_PERSONAL VALUES('s948899','A198758494','0102080026','主醫師');
INSERT INTO MEDICAL_PERSONAL VALUES('s972875','H296921130','0102080026','護理師');

/*INSERT INTO VACCINATION VALUES('身分證字號','疫苗編號','醫院編號','接種日期');*/

INSERT INTO VACCINATION VALUES('B292063079','MED-TAI01','1301170017','2021-06-01');
INSERT INTO VACCINATION VALUES('B198893800','BNT-TAI01','0131020016','2021-06-18');
INSERT INTO VACCINATION VALUES('G296221965','AZ-TAI01','0132010014','2021-06-20');
INSERT INTO VACCINATION VALUES('G195063243','BNT-TAI02','0617060018','2021-07-03');
INSERT INTO VACCINATION VALUES('A193371764','AZ-TAI02','0221010019','2021-07-05');
INSERT INTO VACCINATION VALUES('C291633738','BNT-TAI01','0102080026','2021-06-25');
INSERT INTO VACCINATION VALUES('B198171256','AZ-TAI01','1111060015','2021-06-27');
INSERT INTO VACCINATION VALUES('C296299067','AZ-TAI01','1301170017','2021-06-18');
INSERT INTO VACCINATION VALUES('H292108453','BNT-TAI02','1301170017','2021-07-22');
INSERT INTO VACCINATION VALUES('F297789036','BNT-TAI02','0131020016','2021-07-25');
INSERT INTO VACCINATION VALUES('C197616837','MED-TAI01','0132010014','2021-06-26');
INSERT INTO VACCINATION VALUES('A195196401','AZ-TAI02','0617060018','2021-07-09');
INSERT INTO VACCINATION VALUES('F197273568','AZ-TAI02','0221010019','2021-07-11');
INSERT INTO VACCINATION VALUES('A198758494','AZ-TAI01','0102080026','2021-07-18');
INSERT INTO VACCINATION VALUES('B199306137','AZ-TAI02','1111060015','2021-07-29');
INSERT INTO VACCINATION VALUES('B298392300','AZ-TAI02','1301170017','2021-07-23');
INSERT INTO VACCINATION VALUES('F297036950','BNT-TAI01','0131020016','2021-07-30');
INSERT INTO VACCINATION VALUES('F293539405','BNT-TAI01','0132010014','2021-07-01');
INSERT INTO VACCINATION VALUES('G297656962','AZ-TAI01','0617060018','2021-06-20');
INSERT INTO VACCINATION VALUES('F299133229','MED-TAI01','0221010019','2021-07-16');
INSERT INTO VACCINATION VALUES('H296921130','MED-TAI01','0102080026','2021-07-19');
INSERT INTO VACCINATION VALUES('B197899406','AZ-TAI01','1111060015','2021-06-28');
INSERT INTO VACCINATION VALUES('A299688591','AZ-TAI02','1301170017','2021-08-02');
INSERT INTO VACCINATION VALUES('B299666514','AZ-TAI02','0131020016','2021-08-02');
INSERT INTO VACCINATION VALUES('G299395506','BNT-TAI01','0132010014','2021-06-29');
INSERT INTO VACCINATION VALUES('B295664256','BNT-TAI02','0617060018','2021-07-05');
INSERT INTO VACCINATION VALUES('B197073948','AZ-TAI01','0221010019','2021-06-21');
INSERT INTO VACCINATION VALUES('A293633047','BNT-TAI02','0102080026','2021-07-02');
INSERT INTO VACCINATION VALUES('D196758873','AZ-TAI01','1111060015','2021-07-01');
INSERT INTO VACCINATION VALUES('H291144777','AZ-TAI02','1301170017','2021-07-14');
INSERT INTO VACCINATION VALUES('D193695397','MED-TAI02','0131020016','2021-07-02');
INSERT INTO VACCINATION VALUES('D198598875','MED-TAI02','0132010014','2021-08-10');
INSERT INTO VACCINATION VALUES('C293966552','BNT-TAI01','0617060018','2021-06-18');
INSERT INTO VACCINATION VALUES('B295373349','AZ-TAI01','0221010019','2021-06-29');
INSERT INTO VACCINATION VALUES('G295271845','MED-TAI02','0102080026','2021-07-30');
INSERT INTO VACCINATION VALUES('A291664839','BNT-TAI01','1111060015','2021-06-26');
INSERT INTO VACCINATION VALUES('H194684052','BNT-TAI02','1301170017','2021-07-12');
INSERT INTO VACCINATION VALUES('B194085517','MED-TAI01','0131020016','2021-08-08');
INSERT INTO VACCINATION VALUES('H198196928','AZ-TAI01','0132010014','2021-06-19');
INSERT INTO VACCINATION VALUES('E191148225','MED-TAI01','0617060018','2021-08-13');
INSERT INTO VACCINATION VALUES('F197195470','AZ-TAI02','0221010019','2021-07-03');
INSERT INTO VACCINATION VALUES('E297641209','AZ-TAI01','0102080026','2021-06-21');
INSERT INTO VACCINATION VALUES('E198704294','BNT-TAI02','1111060015','2021-07-14');
INSERT INTO VACCINATION VALUES('A299077623','BNT-TAI01','1301170017','2021-06-28');
INSERT INTO VACCINATION VALUES('D191139752','MED-TAI02','0131020016','2021-08-27');
INSERT INTO VACCINATION VALUES('C292848779','BNT-TAI01','0132010014','2021-06-30');
INSERT INTO VACCINATION VALUES('F197245822','MED-TAI02','0617060018','2021-08-07');
INSERT INTO VACCINATION VALUES('F195031026','MED-TAI02','0221010019','2021-09-05');
INSERT INTO VACCINATION VALUES('C191633343','MED-TAI01','0102080026','2021-07-07');
INSERT INTO VACCINATION VALUES('B298756813','MED-TAI02','1111060015','2021-09-09');
INSERT INTO VACCINATION VALUES('H297032570','MED-TAI01','1301170017','2021-07-12');
INSERT INTO VACCINATION VALUES('A197969199','MED-TAI02','0131020016','2021-08-28');
INSERT INTO VACCINATION VALUES('B195938339','AZ-TAI01','0132010014','2021-08-16');
INSERT INTO VACCINATION VALUES('B298361529','AZ-TAI02','0617060018','2021-07-20');
INSERT INTO VACCINATION VALUES('H294898487','MED-TAI01','0221010019','2021-08-18');
INSERT INTO VACCINATION VALUES('D192735267','AZ-TAI01','0102080026','2021-08-04');
INSERT INTO VACCINATION VALUES('C292315711','MED-TAI02','1111060015','2021-09-01');
INSERT INTO VACCINATION VALUES('B293173583','BNT-TAI01','1301170017','2021-06-27');
INSERT INTO VACCINATION VALUES('E197440059','BNT-TAI02','0131020016','2021-07-17');
INSERT INTO VACCINATION VALUES('G292382029','BNT-TAI01','0132010014','2021-06-22');
INSERT INTO VACCINATION VALUES('H198925867','AZ-TAI01','0617060018','2021-08-10');
INSERT INTO VACCINATION VALUES('G199325468','AZ-TAI02','0221010019','2021-08-13');
INSERT INTO VACCINATION VALUES('G292553082','MED-TAI01','0102080026','2021-09-03');
INSERT INTO VACCINATION VALUES('B293787943','AZ-TAI01','1111060015','2021-06-15');
INSERT INTO VACCINATION VALUES('G298399297','MED-TAI02','1301170017','2021-08-26');
INSERT INTO VACCINATION VALUES('E198349015','MED-TAI02','0131020016','2021-07-12');
INSERT INTO VACCINATION VALUES('F193837262','AZ-TAI02','0132010014','2021-07-07');
INSERT INTO VACCINATION VALUES('F292886441','MED-TAI01','0617060018','2021-09-04');
INSERT INTO VACCINATION VALUES('H296074725','MED-TAI02','0221010019','2021-08-25');
INSERT INTO VACCINATION VALUES('A196027389','BNT-TAI01','0102080026','2021-09-12');
INSERT INTO VACCINATION VALUES('E195686477','BNT-TAI02','1111060015','2021-09-24');
INSERT INTO VACCINATION VALUES('G195055107','BNT-TAI02','1301170017','2021-09-19');

/*INSERT INTO CONFIRMED VALUES('確診編號','身分證字號','地區','姓名','電話','確診日期','備註感染')*/

INSERT INTO CONFIRMED VALUES('R0001','B292063079','02','2021-06-05','清真寺案例');
INSERT INTO CONFIRMED VALUES('R0002','E193681974','01','2021-06-07','院內感染');
INSERT INTO CONFIRMED VALUES('R0003','B198893800','03','2021-06-21','萬華群聚鍊');
INSERT INTO CONFIRMED VALUES('R0004','G296221965','04','2021-06-25','社區傳染');
INSERT INTO CONFIRMED VALUES('R0005','G195063243','05','2021-07-14','工廠群聚鍊');
INSERT INTO CONFIRMED VALUES('R0006','A193371764','06','2021-07-18','市場傳染鏈');
INSERT INTO CONFIRMED VALUES('R0007','C291633738','07','2021-07-01','不明感染源');
INSERT INTO CONFIRMED VALUES('R0008','B198171256','01','2021-06-07','院內感染');
INSERT INTO CONFIRMED VALUES('R0009','C296299067','02','2021-06-05','清真寺案例');
INSERT INTO CONFIRMED VALUES('R0010','G291176447','03','2021-06-21','萬華群聚鍊');
INSERT INTO CONFIRMED VALUES('R0011','F291384000','04','2021-06-21','萬華群聚鍊');
INSERT INTO CONFIRMED VALUES('R0012','B192565478','05','2021-07-14','工廠群聚鍊');
INSERT INTO CONFIRMED VALUES('R0013','A195661485','06','2021-07-18','市場傳染鏈');
INSERT INTO CONFIRMED VALUES('R0014','E192199539','07','2021-06-01','不明感染源');
INSERT INTO CONFIRMED VALUES('R0015','B193462109','01','2021-06-07','院內感染接觸者');
INSERT INTO CONFIRMED VALUES('R0016','A298227807','02','2021-06-20','不明感染源');
INSERT INTO CONFIRMED VALUES('R0017','C293141653','03','2021-06-21','萬華群聚鍊');
INSERT INTO CONFIRMED VALUES('R0018','A294254595','04','2021-06-25','社區傳染');
INSERT INTO CONFIRMED VALUES('R0019','H291983532','05','2021-07-14','工廠群聚鍊');
INSERT INTO CONFIRMED VALUES('R0020','A297009734','06','2021-07-18','市場傳染鏈');
INSERT INTO CONFIRMED VALUES('R0021','D295248987','07','2021-07-01','不明感染源');
INSERT INTO CONFIRMED VALUES('R0022','B293503947','01','2021-07-15','社區傳染');

/*INSERT INTO SCREENED_CITIZEN VALUES('身分證字號','地區編號','確診編號','篩檢時間','篩檢站名稱(1~30)');*/

INSERT INTO SCREENED_CITIZEN VALUES('E193681974','01','R0001','2021-06-7','基隆篩檢站23');
INSERT INTO SCREENED_CITIZEN VALUES('B292063079','02','R0002','2021-06-1','台北篩檢站05');
INSERT INTO SCREENED_CITIZEN VALUES('B198893800','03','R0003','2021-06-23','新北篩檢站06');
INSERT INTO SCREENED_CITIZEN VALUES('G296221965','04','R0004','2021-06-28','桃園篩檢站09');
INSERT INTO SCREENED_CITIZEN VALUES('G195063243','05','R0005','2021-07-16','台中篩檢站03');
INSERT INTO SCREENED_CITIZEN VALUES('A193371764','06','R0006','2021-07-21','台南篩檢站01');
INSERT INTO SCREENED_CITIZEN VALUES('C291633738','07','R0007','2021-07-04','高雄篩檢站07');
INSERT INTO SCREENED_CITIZEN VALUES('B198171256','01','R0008','2021-06-08','基隆篩檢站05');
INSERT INTO SCREENED_CITIZEN VALUES('C296299067','02','R0009','2021-06-09','台北篩檢站01');
INSERT INTO SCREENED_CITIZEN VALUES('G291176447','03','R0010','2021-06-24','新北篩檢站07');
INSERT INTO SCREENED_CITIZEN VALUES('F291384000','04','R0011','2021-06-23','桃園篩檢站12');
INSERT INTO SCREENED_CITIZEN VALUES('B192565478','05','R0012','2021-07-17','台中篩檢站15');
INSERT INTO SCREENED_CITIZEN VALUES('A195661485','06','R0013','2021-07-21','台南篩檢站02');
INSERT INTO SCREENED_CITIZEN VALUES('E192199539','07','R0014','2021-06-06','高雄篩檢站11');
INSERT INTO SCREENED_CITIZEN VALUES('B193462109','01','R0015','2021-06-07','基隆篩檢站14');
INSERT INTO SCREENED_CITIZEN VALUES('A298227807','02','R0016','2021-06-30','台北篩檢站11');
INSERT INTO SCREENED_CITIZEN VALUES('C293141653','03','R0017','2021-06-24','新北篩檢站11');
INSERT INTO SCREENED_CITIZEN VALUES('A294254595','04','R0018','2021-06-27','桃園篩檢站15');
INSERT INTO SCREENED_CITIZEN VALUES('H291983532','05','R0019','2021-07-16','台中篩檢站11');
INSERT INTO SCREENED_CITIZEN VALUES('A297009734','06','R0020','2021-07-20','台南篩檢站04');
INSERT INTO SCREENED_CITIZEN VALUES('D295248987','07','R0021','2021-07-03','高雄篩檢站15');
INSERT INTO SCREENED_CITIZEN VALUES('B293503947','01','R0022','2021-07-16','基隆篩檢站16');
INSERT INTO SCREENED_CITIZEN VALUES('H292108453','02',NULL,'2021-06-10','台北篩檢站21');
INSERT INTO SCREENED_CITIZEN VALUES('F297789036','03',NULL,'2021-06-11','新北篩檢站15');
INSERT INTO SCREENED_CITIZEN VALUES('C197616837','04',NULL,'2021-06-12','桃園篩檢站17');
INSERT INTO SCREENED_CITIZEN VALUES('A195196401','05',NULL,'2021-06-13','台中篩檢站16');
INSERT INTO SCREENED_CITIZEN VALUES('F197273568','06',NULL,'2021-06-14','台南篩檢站08');
INSERT INTO SCREENED_CITIZEN VALUES('A198758494','07',NULL,'2021-06-15','高雄篩檢站17');
INSERT INTO SCREENED_CITIZEN VALUES('B199306137','01',NULL,'2021-06-16','基隆篩檢站22');
INSERT INTO SCREENED_CITIZEN VALUES('B298392300','02',NULL,'2021-06-17','台北篩檢站30');
INSERT INTO SCREENED_CITIZEN VALUES('F297036950','03',NULL,'2021-06-18','新北篩檢站20');
INSERT INTO SCREENED_CITIZEN VALUES('F293539405','04',NULL,'2021-06-19','桃園篩檢站21');
INSERT INTO SCREENED_CITIZEN VALUES('G297656962','05',NULL,'2021-06-20','台中篩檢站19');
INSERT INTO SCREENED_CITIZEN VALUES('F299133229','06',NULL,'2021-06-21','台南篩檢站15');
INSERT INTO SCREENED_CITIZEN VALUES('H296921130','07',NULL,'2021-06-22','高雄篩檢站17');
INSERT INTO SCREENED_CITIZEN VALUES('B197899406','01',NULL,'2021-06-23','基隆篩檢站25');
INSERT INTO SCREENED_CITIZEN VALUES('A299688591','02',NULL,'2021-06-24','台北篩檢站30');
INSERT INTO SCREENED_CITIZEN VALUES('C192095052','03',NULL,'2021-06-25','新北篩檢站22');
INSERT INTO SCREENED_CITIZEN VALUES('D194494269','04',NULL,'2021-06-26','桃園篩檢站27');
INSERT INTO SCREENED_CITIZEN VALUES('A198068628','05',NULL,'2021-06-27','台中篩檢站23');
INSERT INTO SCREENED_CITIZEN VALUES('C191994725','06',NULL,'2021-06-28','台南篩檢站17');
INSERT INTO SCREENED_CITIZEN VALUES('F191450178','07',NULL,'2021-06-29','高雄篩檢站22');
INSERT INTO SCREENED_CITIZEN VALUES('C191275332','01',NULL,'2021-06-30','基隆篩檢站27');
INSERT INTO SCREENED_CITIZEN VALUES('B194693573','02',NULL,'2021-07-01','台北篩檢站30');
INSERT INTO SCREENED_CITIZEN VALUES('B198101147','03',NULL,'2021-07-02','新北篩檢站30');
INSERT INTO SCREENED_CITIZEN VALUES('A294066782','04',NULL,'2021-07-03','桃園篩檢站30');
INSERT INTO SCREENED_CITIZEN VALUES('G195830806','05',NULL,'2021-07-04','台中篩檢站23');
INSERT INTO SCREENED_CITIZEN VALUES('H191704075','06',NULL,'2021-07-05','台南篩檢站23');
INSERT INTO SCREENED_CITIZEN VALUES('G198393926','07',NULL,'2021-07-06','高雄篩檢站25');
INSERT INTO SCREENED_CITIZEN VALUES('F196746982','01',NULL,'2021-07-07','基隆篩檢站29');
INSERT INTO SCREENED_CITIZEN VALUES('G291129500','02',NULL,'2021-07-08','台北篩檢站24');
INSERT INTO SCREENED_CITIZEN VALUES('B299666514','03',NULL,'2021-07-09','新北篩檢站26');
INSERT INTO SCREENED_CITIZEN VALUES('G299395506','04',NULL,'2021-07-10','桃園篩檢站29');
INSERT INTO SCREENED_CITIZEN VALUES('B295664256','05',NULL,'2021-07-11','台中篩檢站23');
INSERT INTO SCREENED_CITIZEN VALUES('B197073948','06',NULL,'2021-07-12','台南篩檢站28');

/*INSERT INTO FOOTPRINT VALUES('足跡編號','確診編號');*/

INSERT INTO FOOTPRINT VALUES('R0001-01','R0001');
INSERT INTO FOOTPRINT VALUES('R0001-02','R0001');
INSERT INTO FOOTPRINT VALUES('R0001-03','R0001');
INSERT INTO FOOTPRINT VALUES('R0002-01','R0002');
INSERT INTO FOOTPRINT VALUES('R0002-02','R0002');
INSERT INTO FOOTPRINT VALUES('R0002-03','R0002');
INSERT INTO FOOTPRINT VALUES('R0003-01','R0003');
INSERT INTO FOOTPRINT VALUES('R0003-02','R0003');
INSERT INTO FOOTPRINT VALUES('R0003-03','R0003');
INSERT INTO FOOTPRINT VALUES('R0004-01','R0004');
INSERT INTO FOOTPRINT VALUES('R0004-02','R0004');
INSERT INTO FOOTPRINT VALUES('R0004-03','R0004');
INSERT INTO FOOTPRINT VALUES('R0005-01','R0005');
INSERT INTO FOOTPRINT VALUES('R0005-02','R0005');
INSERT INTO FOOTPRINT VALUES('R0005-03','R0005');
INSERT INTO FOOTPRINT VALUES('R0006-01','R0006');
INSERT INTO FOOTPRINT VALUES('R0006-02','R0006');
INSERT INTO FOOTPRINT VALUES('R0006-03','R0006');
INSERT INTO FOOTPRINT VALUES('R0007-01','R0007');
INSERT INTO FOOTPRINT VALUES('R0007-02','R0007');
INSERT INTO FOOTPRINT VALUES('R0007-03','R0007');
INSERT INTO FOOTPRINT VALUES('R0008-01','R0008');
INSERT INTO FOOTPRINT VALUES('R0008-02','R0008');
INSERT INTO FOOTPRINT VALUES('R0008-03','R0008');
INSERT INTO FOOTPRINT VALUES('R0009-01','R0009');
INSERT INTO FOOTPRINT VALUES('R0009-02','R0009');
INSERT INTO FOOTPRINT VALUES('R0009-03','R0009');
INSERT INTO FOOTPRINT VALUES('R0010-01','R0010');
INSERT INTO FOOTPRINT VALUES('R0010-02','R0010');
INSERT INTO FOOTPRINT VALUES('R0010-03','R0010');
INSERT INTO FOOTPRINT VALUES('R0011-01','R0011');
INSERT INTO FOOTPRINT VALUES('R0011-02','R0011');
INSERT INTO FOOTPRINT VALUES('R0011-03','R0011');
INSERT INTO FOOTPRINT VALUES('R0012-01','R0012');
INSERT INTO FOOTPRINT VALUES('R0012-02','R0012');
INSERT INTO FOOTPRINT VALUES('R0012-03','R0012');
INSERT INTO FOOTPRINT VALUES('R0013-01','R0013');
INSERT INTO FOOTPRINT VALUES('R0013-02','R0013');
INSERT INTO FOOTPRINT VALUES('R0013-03','R0013');
INSERT INTO FOOTPRINT VALUES('R0014-01','R0014');
INSERT INTO FOOTPRINT VALUES('R0014-02','R0014');
INSERT INTO FOOTPRINT VALUES('R0014-03','R0014');
INSERT INTO FOOTPRINT VALUES('R0015-01','R0015');
INSERT INTO FOOTPRINT VALUES('R0015-02','R0015');
INSERT INTO FOOTPRINT VALUES('R0015-03','R0015');
INSERT INTO FOOTPRINT VALUES('R0016-01','R0016');
INSERT INTO FOOTPRINT VALUES('R0016-02','R0016');
INSERT INTO FOOTPRINT VALUES('R0016-03','R0016');
INSERT INTO FOOTPRINT VALUES('R0017-01','R0017');
INSERT INTO FOOTPRINT VALUES('R0017-02','R0017');
INSERT INTO FOOTPRINT VALUES('R0017-03','R0017');
INSERT INTO FOOTPRINT VALUES('R0018-01','R0018');
INSERT INTO FOOTPRINT VALUES('R0018-02','R0018');
INSERT INTO FOOTPRINT VALUES('R0018-03','R0018');
INSERT INTO FOOTPRINT VALUES('R0019-01','R0019');
INSERT INTO FOOTPRINT VALUES('R0019-02','R0019');
INSERT INTO FOOTPRINT VALUES('R0019-03','R0019');
INSERT INTO FOOTPRINT VALUES('R0020-01','R0020');
INSERT INTO FOOTPRINT VALUES('R0020-02','R0020');
INSERT INTO FOOTPRINT VALUES('R0020-03','R0020');
INSERT INTO FOOTPRINT VALUES('R0021-01','R0021');
INSERT INTO FOOTPRINT VALUES('R0021-02','R0021');
INSERT INTO FOOTPRINT VALUES('R0021-03','R0021');
INSERT INTO FOOTPRINT VALUES('R0022-01','R0022');
INSERT INTO FOOTPRINT VALUES('R0022-02','R0022');
INSERT INTO FOOTPRINT VALUES('R0022-03','R0022');

/*INSERT INTO FOOTPRINT_LINE('足跡編號','地區編號','地點','時間(確診前3天)');*/
/*(討論同樣的感染備註者，要不要有相同的足跡)*/

INSERT INTO FOOTPRINT_LINE VALUES('R0001-01','01','基隆市中正區義二路2巷6號','2021-06-05');
INSERT INTO FOOTPRINT_LINE VALUES('R0001-02','02','台北市士林區至善路二段221號','2021-06-05');
INSERT INTO FOOTPRINT_LINE VALUES('R0001-03','02','台北市士林區基河路363號','2021-06-05');
INSERT INTO FOOTPRINT_LINE VALUES('R0002-01','02','台北市大安區新生南路二段62號','2021-06-07');
INSERT INTO FOOTPRINT_LINE VALUES('R0002-02','01','基隆市仁愛區愛四路1-3號','2021-06-07');
INSERT INTO FOOTPRINT_LINE VALUES('R0002-03','01','基隆市仁愛區獅球路8-1號','2021-06-08');
INSERT INTO FOOTPRINT_LINE VALUES('R0003-01','03','台北市萬華區三水街135號','2021-06-21');
INSERT INTO FOOTPRINT_LINE VALUES('R0003-02','03','新北市新莊區幸福路763號','2021-06-21');
INSERT INTO FOOTPRINT_LINE VALUES('R0003-03','03','新北市新莊區中平路346號348號','2021-06-22');
INSERT INTO FOOTPRINT_LINE VALUES('R0004-01','04','桃園市中壢區中北路200號','2021-06-25');
INSERT INTO FOOTPRINT_LINE VALUES('R0004-02','04','桃園市桃園區中正路1083號','2021-06-25');
INSERT INTO FOOTPRINT_LINE VALUES('R0004-03','04','桃園市桃園區經國路721號','2021-06-26');
INSERT INTO FOOTPRINT_LINE VALUES('R0005-01','05','台中市西屯區工業區四十路40號','2021-07-14');
INSERT INTO FOOTPRINT_LINE VALUES('R0005-02','05','台中市梧棲區臺灣大道十段168號','2021-07-14');
INSERT INTO FOOTPRINT_LINE VALUES('R0005-03','05','台中市清水區北堤路30號','2021-07-15');
INSERT INTO FOOTPRINT_LINE VALUES('R0006-01','06','台南市中西區國華街三段123號','2021-07-18');
INSERT INTO FOOTPRINT_LINE VALUES('R0006-02','06','台南市北區海安路三段533號','2021-07-18');
INSERT INTO FOOTPRINT_LINE VALUES('R0006-03','06','台南市北區和緯路四段8號','2021-07-19');
INSERT INTO FOOTPRINT_LINE VALUES('R0007-01','07','高雄市鳳山區五甲三路176號','2021-07-15');
INSERT INTO FOOTPRINT_LINE VALUES('R0007-02','07','高雄市前鎮區鎮中路132號','2021-07-15');
INSERT INTO FOOTPRINT_LINE VALUES('R0007-03','07','高雄市前鎮區凱旋四路758號','2021-07-16');
INSERT INTO FOOTPRINT_LINE VALUES('R0008-01','01','基隆市中正區義二路2巷6號','2021-06-07');
INSERT INTO FOOTPRINT_LINE VALUES('R0008-02','01','基隆市仁愛區愛三路21號','2021-06-07');
INSERT INTO FOOTPRINT_LINE VALUES('R0008-03','01','基隆市仁愛區仁二路139號','2021-06-07');
INSERT INTO FOOTPRINT_LINE VALUES('R0009-01','02','台北市大安區新生南路二段62號','2021-06-05');
INSERT INTO FOOTPRINT_LINE VALUES('R0009-02','02','台北市大同區酒泉街9之1號','2021-06-05');
INSERT INTO FOOTPRINT_LINE VALUES('R0009-03','02','台北市大同區庫倫街51號','2021-06-06');
INSERT INTO FOOTPRINT_LINE VALUES('R0010-01','03','台北市萬華區三水街135號','2021-06-21');
INSERT INTO FOOTPRINT_LINE VALUES('R0010-02','03','新北市板橋區文化路一段313號','2021-06-21');
INSERT INTO FOOTPRINT_LINE VALUES('R0010-03','03','新北市板橋區智樂路6號','2021-06-22');
INSERT INTO FOOTPRINT_LINE VALUES('R0011-01','03','台北市萬華區三水街135號','2021-06-21');
INSERT INTO FOOTPRINT_LINE VALUES('R0011-02','04','桃園市桃園區春日路1593號','2021-06-21');
INSERT INTO FOOTPRINT_LINE VALUES('R0011-03','04','桃園市桃園區經國路300號','2021-06-21');
INSERT INTO FOOTPRINT_LINE VALUES('R0012-01','05','台中市西屯區工業區四十路40號','2021-07-14');
INSERT INTO FOOTPRINT_LINE VALUES('R0012-02','05','台中市西區公益路276號','2021-07-14');
INSERT INTO FOOTPRINT_LINE VALUES('R0012-03','05','台中市西屯區台灣大道二段689號','2021-07-15');
INSERT INTO FOOTPRINT_LINE VALUES('R0013-01','06','桃園市中壢區中北路200號','2021-06-25');
INSERT INTO FOOTPRINT_LINE VALUES('R0013-02','06','台南市安平區國勝路82號','2021-06-25');
INSERT INTO FOOTPRINT_LINE VALUES('R0013-03','06','台南市安平區安北路433號','2021-06-25');
INSERT INTO FOOTPRINT_LINE VALUES('R0014-01','07','高雄市鼓山區美術東四路562號','2021-07-01');
INSERT INTO FOOTPRINT_LINE VALUES('R0014-02','07','高雄市左營區裕誠路南屏路','2021-07-01');
INSERT INTO FOOTPRINT_LINE VALUES('R0014-03','07','高雄市左營區蓮潭路169-1號','2021-07-01');
INSERT INTO FOOTPRINT_LINE VALUES('R0015-01','01','基隆市中正區義二路2巷6號','2021-06-07');
INSERT INTO FOOTPRINT_LINE VALUES('R0015-02','01','基隆市中正區信一路177號','2021-06-07');
INSERT INTO FOOTPRINT_LINE VALUES('R0015-03','01','基隆市中正區義一路1號','2021-06-08');
INSERT INTO FOOTPRINT_LINE VALUES('R0016-01','02','台北市大同區大龍街51號','2021-06-07');
INSERT INTO FOOTPRINT_LINE VALUES('R0016-02','02','台北市大同區延平北路三段','2021-06-07');
INSERT INTO FOOTPRINT_LINE VALUES('R0016-03','02','北市大同區重慶北路二段171號','2021-06-07');
INSERT INTO FOOTPRINT_LINE VALUES('R0017-01','03','台北市萬華區三水街135號','2021-06-21');
INSERT INTO FOOTPRINT_LINE VALUES('R0017-02','03','新北市中和區中和路388號','2021-06-21');
INSERT INTO FOOTPRINT_LINE VALUES('R0017-03','03','新北市中和區中和路388號','2021-06-22');
INSERT INTO FOOTPRINT_LINE VALUES('R0018-01','04','桃園市中壢區中北路200號','2021-06-25');
INSERT INTO FOOTPRINT_LINE VALUES('R0018-02','04','桃園市中壢區實踐路225-8號','2021-06-25');
INSERT INTO FOOTPRINT_LINE VALUES('R0018-03','04','桃園市中壢區力行北街47號','2021-06-26');
INSERT INTO FOOTPRINT_LINE VALUES('R0019-01','05','台中市西屯區工業區四十路40號','2021-07-14');
INSERT INTO FOOTPRINT_LINE VALUES('R0019-02','05','台中市西區公益路111號','2021-07-14');
INSERT INTO FOOTPRINT_LINE VALUES('R0019-03','05','台中市西區民生路368巷2弄12號','2021-07-14');
INSERT INTO FOOTPRINT_LINE VALUES('R0020-01','06','台南市中西區國華街三段123號','2021-07-18');
INSERT INTO FOOTPRINT_LINE VALUES('R0020-02','06','台南市東區自由路一段322號','2021-07-18');
INSERT INTO FOOTPRINT_LINE VALUES('R0020-03','06','台南市仁德區中山路799號','2021-07-18');
INSERT INTO FOOTPRINT_LINE VALUES('R0021-01','07','高雄市左營區軍校路553號','2021-07-18');
INSERT INTO FOOTPRINT_LINE VALUES('R0021-02','07','高雄市楠梓區軍校路796號1樓','2021-07-18');
INSERT INTO FOOTPRINT_LINE VALUES('R0021-03','07','高雄市楠梓區後昌路902.904號','2021-07-18');
INSERT INTO FOOTPRINT_LINE VALUES('R0022-01','04','桃園市中壢區中北路200號','2021-06-25');
INSERT INTO FOOTPRINT_LINE VALUES('R0022-02','01','基隆市仁愛區仁二路135號','2021-06-25');
INSERT INTO FOOTPRINT_LINE VALUES('R0022-03','01','基隆市仁愛區劉銘傳路1號','2021-06-25');

/*INSERT INTO ANTI_HOTAL VALUES('旅館編號','地區','名稱','地址','房間數');*/

INSERT INTO ANTI_HOTEL VALUES('5671','01','東岸之星精品旅店','基隆市中正區信三路20號','197');
INSERT INTO ANTI_HOTEL VALUES('8461','02','捷絲旅-台北林森館','台北市中山區林森北路117號3F','261');
INSERT INTO ANTI_HOTEL VALUES('3651','03','驛德世紀酒店','新北市新莊區後港一路169號','311');
INSERT INTO ANTI_HOTEL VALUES('4169','04','台北諾富特華航桃園機場飯店','桃園市大園區航站南路1-1號','500');
INSERT INTO ANTI_HOTEL VALUES('6697','05','台中麗加園邸','台中市西區公益路111號','381');
INSERT INTO ANTI_HOTEL VALUES('2657','06','太子大飯店','台南市中西區友愛街349號','542');
INSERT INTO ANTI_HOTEL VALUES('1095','07','喜悅商務大飯店','高雄市前金區七賢二路178號','457');


/*匡列家屬*/
SELECT DISTINCT C1.CIT_ID,C1.CIT_NAME,C1.CIT_PHONE, C1.CIT_FAMI
FROM CITIZEN C1 JOIN (SELECT CITIZEN.CIT_FAMI 
						FROM CITIZEN 
						WHERE CITIZEN.CIT_ID IN (SELECT CONFIRMED.CIT_ID FROM CONFIRMED))C2 ON C1.CIT_FAMI=C2.CIT_FAMI
WHERE CIT_ID NOT IN (SELECT CIT_ID FROM CONFIRMED)
ORDER BY CIT_FAMI;


/*疫苗沒用與有效的比率*/
SELECT DISTINCT (SELECT COUNT(*) FROM CONFIRMED,VACCINATION WHERE CONFIRMED.CIT_ID=VACCINATION.CIT_ID)*1.0/(SELECT COUNT(*) FROM VACCINATION)AS USELESS,
		 1-(SELECT COUNT(*) FROM CONFIRMED,VACCINATION WHERE CONFIRMED.CIT_ID=VACCINATION.CIT_ID)*1.0/(SELECT COUNT(*) FROM VACCINATION) AS EFFICACY
FROM CONFIRMED;


/*廠牌疫苗詳細保護力*/
SELECT DISTINCT 
1-(SELECT COUNT(VACCINATION.CIT_ID)			/*接種'MED-TAI01'可是又確診的人數*/
FROM VACCINATION,CONFIRMED
WHERE VACCINATION.CIT_ID=CONFIRMED.CIT_ID
AND VACCINATION.VAC_CODE LIKE 'MED-TAI01')*1.0
/											/*相除*/
(SELECT COUNT(VACCINATION.VAC_CODE)			/*接種'MED-TAI01'人數*/
FROM VACCINATION
WHERE VAC_CODE LIKE 'MED-TAI01')*1.0
AS VACPERCENT
FROM VACCINATION


/*足跡傳播鏈*/
SELECT DISTINCT FOOTPRINT.CON_CODE,FOOTPRINT_LINE.LINE_LOCATION
FROM FOOTPRINT,FOOTPRINT_LINE
WHERE FOOTPRINT.FOO_CODE=FOOTPRINT_LINE.FOO_CODE AND FOOTPRINT_LINE.LINE_LOCATION IN (SELECT FOOTPRINT_LINE.LINE_LOCATION 
																						FROM FOOTPRINT,FOOTPRINT_LINE
																						WHERE FOOTPRINT.FOO_CODE=FOOTPRINT_LINE.FOO_CODE
																						GROUP BY LINE_LOCATION
																						HAVING COUNT(FOOTPRINT_LINE.LINE_LOCATION)>1)
ORDER BY FOOTPRINT_LINE.LINE_LOCATION


/*快篩確診率*/
SELECT DISTINCT (SELECT COUNT(CON_CODE) FROM SCREENED_CITIZEN)*1.0/ (SELECT COUNT(CIT_ID) FROM SCREENED_CITIZEN) AS CONPERCENT
FROM SCREENED_CITIZEN;

 
/*地區累計確診人數*/
SELECT AREA_CODE,AREA_NAME,(SELECT COUNT(CONFIRMED.AREA_CODE)
							FROM CONFIRMED
							WHERE AREA.AREA_CODE=CONFIRMED.AREA_CODE) AS 累計確診人數
FROM AREA
